[{"model": "sessions.session", "pk": "bvozkxd21dvc78v51o85vfydposfje5e", "fields": {"session_data": "eyJiYWciOnsiNSI6eyJpdGVtc19ieV9zaXplIjp7Im0iOjF9fX19:1l94OC:UstUtNxWGhkoZo5qpCP9p34uz9QNn0btVLAYpFDxv0s", "expire_date": "2021-02-22T11:07:32.808Z"}}, {"model": "sessions.session", "pk": "kwkl2uci24ywb31z9cnqmkl45qyzdnmd", "fields": {"session_data": "e30:1l7yLw:FRYqfy_g6DJC7zWQ0us8qgIkq2Dj633lrYeWmsOCHtg", "expire_date": "2021-02-19T10:28:40.550Z"}}, {"model": "sessions.session", "pk": "mqwnyo7grcf057a20ed7xqtj2icyjzj3", "fields": {"session_data": "e30:1l87Lr:1TYNARIBPSNecVA8SLA2N_-1kV3U06czO9Ldjr4W5B4", "expire_date": "2021-02-19T20:05:11.664Z"}}, {"model": "sessions.session", "pk": "sqx5v5yuheirjjvjgjqcamqyjn5os1dr", "fields": {"session_data": ".eJxVjM0OgjAQhN9lz4T0h7a2R-8-Q7NtV6kaMBQSDeHdBeWgp8nMNzMzeJzG1k-FBp8TOOBQ_WYB4426DaQrdpe-jn03DjnUW6XeaalPfaL7ce_-HbRY2nVNUtPZNsJIjCJaYwVHFphNjK8RolYHoiS5tkrL1AgVNQWhOGppBGqznRYqJfedp-cjDy9wrIKAF3AzSHC8As7BiVXYxzVfA04uyxvZWEa_:1l57yH:IIqD45sUnV3EJxB1XJaBnW3Tseq3zJe0nvEdoiqzNcY", "expire_date": "2021-02-11T14:08:29.147Z"}}, {"model": "sessions.session", "pk": "z3sdmc3gnuy4ofmfzogro8ut9ywynk1j", "fields": {"session_data": ".eJxVjL0OwiAUhd-F2ZDCLSAd3X0GcoFri9o2Ke2gje8uJB30DGf4zs_OHG7r4LZMi0uRdUyw0y_zGB401SDecepnHuZpXZLntcKPNPPrHOl5Obp_BwPmoawJNN1sKw1gkMEaKwU2vrGxEQUhanUmiiC0VRpiK1XQ5KUSqMFI1KaceuxZtzOollYas_Mvl9ObKhhZB5-iL-lnQ7s:1l9koY:cHeezknmQDB1wjumUJOiJyLDJJxF9rijEFoOwhXLD40", "expire_date": "2021-02-24T08:25:34.725Z"}}, {"model": "sites.site", "pk": 1, "fields": {"domain": "sherocks.example.com", "name": "She Rocks"}}, {"model": "products.category", "pk": 1, "fields": {"name": "dresses", "friendly_name": "Dresses"}}, {"model": "products.category", "pk": 2, "fields": {"name": "outerwear", "friendly_name": "Outerwear"}}, {"model": "products.category", "pk": 3, "fields": {"name": "top", "friendly_name": "Top"}}, {"model": "products.category", "pk": 4, "fields": {"name": "bottom", "friendly_name": "Bottom"}}, {"model": "products.category", "pk": 5, "fields": {"name": "bags", "friendly_name": "Bags"}}, {"model": "products.product", "pk": 1, "fields": {"category": 2, "sku": "650210Q5AFQ1083", "name": "Bi-Colour Leather Peplum Jacket", "brand": "Alexander McQUEEN", "description": "Bi-colour leather jacket. Peplum waist with frock detail on back. Finished with silver metal hardware.", "has_sizes": true, "material": "100% Lambskin", "price": "4490.00", "image_url": "https://amq-mcq.dam.kering.com/m/648091865ea765c3/eCom-650210Q5AFQ1083_F.jpg", "image": "media/eCom-650210Q5AFQ1083_F.jpg"}}, {"model": "products.product", "pk": 2, "fields": {"category": 2, "sku": "507772Q5KWI1000", "name": "Leather Biker Jacket", "brand": "Alexander McQUEEN", "description": "Zip detail biker jacket in grainy leather. Peplum waist with frock detail on back. All hardware in silver finish.", "has_sizes": true, "material": "100% Lambskin", "price": "3995.00", "image_url": "https://amq-mcq.dam.kering.com/m/374ca24ed5c3e769/eCom-507772Q5KWI1000_F.jpg", "image": "media/Large-507772Q5KWI1000_F.jpg"}}, {"model": "products.product", "pk": 3, "fields": {"category": 2, "sku": "633541Q5AD91062", "name": "Stapled Leather Coat", "brand": "Alexander McQUEEN", "description": "Double-breasted coat in soft black lambskin leather, featuring silver metal staple detailing and an asymmetric drape hem. The jacket has square, masculine padded shoulders, finished with two flap pockets and horn button fastenings.", "has_sizes": true, "material": "100% Lamb Leather", "price": "5990.00", "image_url": "https://amq-mcq.dam.kering.com/m/6e2b4d0e772905aa/eCom-633541Q5AD91062_F.jpg", "image": "media/Large-633541Q5AD91062_F.jpg"}}, {"model": "products.product", "pk": 4, "fields": {"category": 4, "sku": "633546Q5AEB1062", "name": "Stapled Leather Trouser", "brand": "Alexander McQUEEN", "description": "Black stretch leather trouser with metal staple details on the side.", "has_sizes": true, "material": "100% Lamb Leather", "price": "2590.00", "image_url": "https://amq-mcq.dam.kering.com/m/3ddc289d8062510e/eCom-633546Q5AEB1062_F.jpg", "image": "media/Large-633546Q5AEB1062_F.jpg"}}, {"model": "products.product", "pk": 5, "fields": {"category": 4, "sku": "633543Q5AD91062", "name": "Stapled Leather Mini Skirt", "brand": "Alexander McQUEEN", "description": "Black leather mini skirt detailed with metal staple details.", "has_sizes": true, "material": "100% Lamb Leather", "price": "2490.00", "image_url": "https://amq-mcq.dam.kering.com/m/413808aeb0f5cf19/eCom-633543Q5AD91062_F.jpg", "image": "media/Large-633543Q5AD91062_F.jpg"}}, {"model": "products.product", "pk": 6, "fields": {"category": 3, "sku": "629350QBAAF1000", "name": "Lace Top", "brand": "Alexander McQUEEN", "description": "Black georgette top with a tonal floral lace insert and slim straps.", "has_sizes": true, "material": "100% Silk", "price": "1090.00", "image_url": "https://amq-mcq.dam.kering.com/m/36026135eb8e123f/eCom-629350QBAAF1000_F.jpg", "image": "media/Large-629350QBAAF1000_F.jpg"}}, {"model": "products.product", "pk": 7, "fields": {"category": 3, "sku": "645459QEACI1000", "name": "Lace Crop Top", "brand": "Alexander McQUEEN", "description": "Black lace crop top with ruffle sleeves and a scalloped hem. Finished with an invisible zip fastening on the back.", "has_sizes": true, "material": "62% Cotton, 38% Polyamide", "price": "2090.00", "image_url": "https://amq-mcq.dam.kering.com/m/5c8cf362e8944059/eCom-645459QEACI1000_F.jpg?v=2", "image": "media/Large-645459QEACI1000_F.jpg"}}, {"model": "products.product", "pk": 8, "fields": {"category": 5, "sku": "63852415Y411000", "name": "Neo Classic Mini Top Handle Bag", "brand": "Balenciaga", "description": "Dimensions: W 22.0 cm H 14.0 cm D 11.0 cm\r\n\r\nSmooth calfskin\r\nNew structured trapezoidal shape\r\nMini format\r\nTwo leather hand-braided handles\r\nAdjustable and removable leather strap (104 cm)\r\nZipped closure with knotted leather puller\r\nTone-on-tone logo embossed on front\r\nFront zipped pocket with knotted leather puller\r\n1 inner flap pocket\r\nAged-gold hardware\r\nNappa lambskin bonded lining\r\nMade in Italy\r\nWipe with a soft cloth\r\nThe item comes with a Balenciaga dustbag", "has_sizes": false, "material": "100% Calfskin", "price": "1350.00", "image_url": "https://www.balenciaga.com/66/22/22009724mf_18_a_f.jpg", "image": ""}}, {"model": "products.product", "pk": 9, "fields": {"category": 5, "sku": "63852115Y411000", "name": "Neo Classic Small Top Handle Bag", "brand": "Balenciaga", "description": "Dimensions: W 33.0 cm H 21.0 cm D 15.5 cm\r\n\r\nGrained calfskin\r\nTwo leather hand-braided handles\r\nAdjustable and removable leather strap\r\nZipped closure with knotted leather puller\r\nTone-on-tone logo embossed on front\r\nFront zipped pocket with knotted leather puller\r\n1 inner flat pocket\r\nNappa lambskin bonded lining\r\nMade in Italy\r\nWipe with a soft cloth\r\nThe item comes with a Balenciaga dustbag", "has_sizes": false, "material": "100% Calfskin", "price": "1750.00", "image_url": "https://www.balenciaga.com/66/22/22009722tt_18_a_f.jpg", "image": "media/22009722tt_14_a_f.jpg"}}, {"model": "products.product", "pk": 10, "fields": {"category": 5, "sku": "63852411R1Y4227", "name": "Neo Classic Mini Top Handle Bag", "brand": "Balenciaga", "description": "Dimensions: W 22.0 cm H 14.0 cm D 11.0 cm\r\n\r\nSmooth calfskin\r\nNew structured trapezoidal shape\r\nMini format\r\nTwo leather hand-braided handles\r\nAdjustable and removable leather strap (104 cm)\r\nZipped closure with knotted leather puller\r\nTone-on-tone logo embossed on front\r\nFront zipped pocket with knotted leather puller\r\n1 inner flap pocket\r\nAged-silver hardware\r\nNappa lambskin bonded lining\r\nMade in Italy\r\nWipe with a soft cloth\r\nThe item comes with a Balenciaga dustbag", "has_sizes": false, "material": "100% Calfskin", "price": "1590.00", "image_url": "https://www.balenciaga.com/66/22/22009229ab_18_a_f.jpg", "image": "media/22009229ab_14_a_f.jpg"}}, {"model": "products.product", "pk": 11, "fields": {"category": 5, "sku": "AS2091 B03939 94305", "name": "Small Bucket Bag", "brand": "Chanel", "description": "16 × 16.5 × 12 cm\r\n\r\nCalfskin & Gold-Tone Metal", "has_sizes": false, "material": "Calfskin and Metal", "price": "5100.00", "image_url": "https://www.chanel.com/images/t_fashionzoom1/f_jpg/small-bucket-bag-black-calfskin-gold-tone-metal-calfskin-gold-tone-metal-packshot-default-as2091b0393994305-8830015995934.jpg", "image": "media/small-bucket-bag-black-calfskin-gold-tone-metal-calfskin-gold-tone-metal.jpg"}}, {"model": "products.product", "pk": 12, "fields": {"category": 5, "sku": "A67085 B01361 94305", "name": "Small Boy Chanel Handbag", "brand": "Chanel", "description": "Calfskin, Imitation Pearls & Gold-Tone Metal\r\nBlack\r\n\r\n12 × 20.5 × 8.5 cm", "has_sizes": false, "material": "Calfskin and Metal", "price": "5700.00", "image_url": "https://www.chanel.com/images/t_fashionzoom1/f_jpg/small-boy-chanel-handbag-black-calfskin-imitation-pearls-gold-tone-metal-calfskin-imitation-pearls-gold-tone-metal-packshot-default-a67085b0136194305-8819796803614.jpg", "image": "media/small-boy-chanel-handbag-black-calfskin-imitation-pearls-gold-tone-metal-calfskin.jpg"}}, {"model": "products.product", "pk": 13, "fields": {"category": 5, "sku": "123456789", "name": "Mini Falabella Tote Bag", "brand": "Stella McCartney", "description": "18x22,5x10cm\r\nNew addition to the Falabella family, a light-weight structured mini tote featuring the signature diamond cut chain.\r\n\r\n• Colour: Black\r\n• Falabella tote bag\r\n• Signature silver diamond-cut chain\r\n• Internal slip pocket\r\n• Made in: Italy\r\n• Care: Spot clean only with soft damp cloth", "has_sizes": false, "material": "• Main Material: 100% polyester • Lining: 100% recycled polyester • Details: 60% Polyamide, 40% Polyurethane", "price": "535.00", "image_url": "https://www.stellamccartney.com/45/45524119ds_13_c.jpg", "image": "media/45524119ds_11_c.jpg"}}, {"model": "products.product", "pk": 14, "fields": {"category": 5, "sku": "987654321", "name": "Falabella Fold Over Tote", "brand": "Stella McCartney", "description": "• 37x36x9 cm\r\n• Weighs approximately 0.85 kg\r\n• This tote can be worn two ways, folded over as a shoulder bag or as a handheld tote\r\nAll of our shoes and accessories are made from non-leather materials as part of our cruelty-free ethos.\r\nSizing\r\n\r\n• Colour: Black\r\n• 3-chain Falabella fold over tote\r\n• Signature silver diamond-cut chain\r\n• Slip pocket, press stud fastening\r\n• Made in: Italy\r\n• Care: Spot clean only with soft damp cloth", "has_sizes": false, "material": "100% Polyester, lining 100% ECONYL® recycled nylon", "price": "795.00", "image_url": "https://www.stellamccartney.com/45/45456150ji_13_c.jpg", "image": "media/45456150ji_11_c.jpg"}}, {"model": "products.product", "pk": 15, "fields": {"category": 5, "sku": "0963852741", "name": "Falabella Shoulder Bag", "brand": "Stella McCartney", "description": "28x22x6,5cm\r\nNew addition to the Falabella family, a light-weight structured bag featuring the signature diamond cut chain.\r\n\r\n• Colour: Black\r\n• Mini Falabella Shoulder Bag\r\n• Signature silver diamond-cut chain\r\n• Internal slip pocket\r\n• Made in: Italy\r\n• Care: Spot clean only with soft damp cloth", "has_sizes": false, "material": "• Main Material: 100% polyester • Lining: 100% recycled polyester • Details: 60% Polyamide, 40% Polyurethane", "price": "795.00", "image_url": "https://www.stellamccartney.com/45/45524123ug_13_c.jpg", "image": "media/45524123ug_11_c.jpg"}}, {"model": "products.product", "pk": 16, "fields": {"category": 1, "sku": "206W1363", "name": "Ponte Dress with Organza Sleeves", "brand": "Karl Lagerfeld", "description": "A timeless little black dress with added drama. Cut from soft Ponte fabric and featuring voluminous organza sleeves, this dress is perfect for any evening occasion. Pockets at the side seams add a thoughtful and practical detail to this elegant piece.\r\n\r\nViscose blend\r\nSlim fit\r\nShort organza sleeves\r\nSide-seam pockets", "has_sizes": true, "material": "62% Viscose, 33% Polyester, 5% Elastane", "price": "215.00", "image_url": "https://www.karl.com/15/15070847KC_14_f.jpg", "image": "media/15070847KC_14_f.jpg"}}, {"model": "products.product", "pk": 17, "fields": {"category": 3, "sku": "206W1733", "name": "Personality Karlism T-shirt", "brand": "Karl Lagerfeld", "description": "A pure cotton T-shirt with personality. This essential graphic T-shirt features the quote, “Personality begins where comparison ends”, from the legendary Karl Lagerfeld. From workday to weekend styling, pair this T-shirt with tailored trousers or your favourite KARL jeans.\r\n\r\nPure cotton\r\nRegular fit\r\nShort sleeves\r\nCrew neck\r\nKARL quotation artwork at the front\r\nElongated KARL logo at the back of the neck", "has_sizes": true, "material": "100% Cotton", "price": "115.00", "image_url": "https://www.karl.com/12/12498879VS_14_f.jpg", "image": "media/12498879VS_14_f.jpg"}}, {"model": "products.product", "pk": 18, "fields": {"category": 4, "sku": "96KW1001", "name": "Karl Patent Leggings", "brand": "Karl Lagerfeld", "description": "These high-gloss black leggings will instantly update your wardrobe. The skinny pair is fashioned with Punto stretch-jersey panels at the inner leg for comfort and a sculpted fit. Team yours with sneakers or chunky ankle boots.\r\n\r\nPatent coated fabric\r\nPunto jersey inner leg\r\nConcealed side zip\r\nGrosgrain elastic inner waistband\r\nKARL logo rivet at the hip", "has_sizes": true, "material": "100% Polycarbonate", "price": "185.00", "image_url": "https://www.karl.com/13/13226750DL_14_r.jpg", "image": "media/13226750DL_14_f.jpg"}}, {"model": "products.product", "pk": 19, "fields": {"category": 4, "sku": "852741963", "name": "Kyle Leggings | Black Star", "brand": "RtA", "description": "The RtA Kyle Legging in black star is a 100% stretch leather legging with a pleated waistband. Pull on style with a side zipper.", "has_sizes": true, "material": "100% lambskin leather", "price": "1095.00", "image_url": "https://cdn.shopify.com/s/files/1/1383/4563/products/WF0LE-1054BKSS_F_1000x.jpg", "image": "media/WF0LE-1054BKSS_F_1000x.jpg"}}, {"model": "products.product", "pk": 20, "fields": {"category": 4, "sku": "753869421", "name": "Paloma Skirt | Black Neptune", "brand": "RtA", "description": "The RtA Paloma Skirt in black Neptune is a 100% leather mini skirt with an asymmetrical front design. Back zipper closure.", "has_sizes": true, "material": "100% lambskin leather", "price": "695.00", "image_url": "https://cdn.shopify.com/s/files/1/1383/4563/products/WF0LE-5018BLNE_F_1000x.jpg", "image": "media/WF0LE-5018BLNE_F_1000x.jpg"}}, {"model": "products.product", "pk": 21, "fields": {"category": 1, "sku": "AB2636-SDE223", "name": "Dégradé Embroidery Twisted Front Mini Dress", "brand": "Tom Ford", "description": "A TWISTED FRONT V NECK MINI DRESS WITH BELL SLEEVES. DESIGNED WITH SHAPED SMALL SHOULDER PADS AND A DRAPED DEEP V-NECKLINE. CRAFTED OF DEGRADE EMBROIDERY ON STRETCH TULLE AND LINED IN SATIN.", "has_sizes": true, "material": "DEGRADE EMBROIDERY ON STRETCH TULLE 100% PLASTIC + 84% POLYAMIDE 16% ELASTANE", "price": "9999.00", "image_url": "https://i1.adis.ws/i/tom_ford/AB2636-SDE223_IG340_OS_A", "image": ""}}, {"model": "products.product", "pk": 22, "fields": {"category": 1, "sku": "AB2261-SDE164", "name": "Crystal Embroidered Lace Up Dress", "brand": "Tom Ford", "description": "A BOLD MINI DRESS CRAFTED OF CRYSTAL EMBROIDERY ON A SILK GEORGETTE BASE. DESIGNED WITH METAL LOOPS ON THE DEEP V-SHAPE NECKLINE WITH GROSGRAIN LACING.", "has_sizes": true, "material": "70% PLASTIC 30% GLASS ON 100% SILK", "price": "9999.00", "image_url": "https://i1.adis.ws/i/tom_ford/AB2261-SDE164_IG604_OS_C", "image": "media/AB2261-SDE164_IG604_OS_C.jfif"}}, {"model": "products.product", "pk": 23, "fields": {"category": 2, "sku": "GIL490-LEX227", "name": "Leather Fitted Biker Jacket", "brand": "Tom Ford", "description": "A FITTED CLASSIC BIKER JACKET WITH ASYMMETRICAL SIGNATURE TOM FORD GUNMETAL ZIPS, DOUBLE HIP BUCKLES AND SHOULDER QUILTING DETAILS. CRAFTED OF SHINY LEATHER AND LINED IN SILK TWILL.", "has_sizes": true, "material": "100% leather", "price": "4950.00", "image_url": "https://i1.adis.ws/i/tom_ford/GIL490-LEX227_LB999_OS_A", "image": "media/GIL490-LEX227_LB999_OS_A.jfif"}}, {"model": "products.product", "pk": 24, "fields": {"category": 1, "sku": "UF06383P056EBN", "name": "Short black, gold and silver sequinned dress", "brand": "Balmain", "description": "Black, gold and silver sequinned dress\r\nV-neck, long sleeves, structured shoulders, zip fastening at back", "has_sizes": true, "material": "97% Polyamide, 3% Elastane", "price": "4775.00", "image_url": "https://www.balmain.com/12/12507647UQ_11_f.jpg", "image": "media/12507647UQ_11_f.jpg"}}, {"model": "products.product", "pk": 25, "fields": {"category": 1, "sku": "VF16095X4441KA", "name": "Short pleated dress with golden sequins", "brand": "Balmain", "description": "Short pleated dress with golden sequins\r\nSleeveless, V-neck, diamond-shaped panel at centre, zip fastening at back", "has_sizes": true, "material": "92% Poliammide, 8% Elastan", "price": "1690.00", "image_url": "https://www.balmain.com/12/12528836IK_11_f.jpg", "image": "media/12528836IK_11_f.jpg"}}, {"model": "products.product", "pk": 26, "fields": {"category": 2, "sku": "UF18253L0250PA", "name": "Black leather biker jacket", "brand": "Balmain", "description": "Black leather jacket\r\nZip pockets, belt, button plackets with embossed gold-tone buttons, asymmetrical zip fastening, ridged accents on cuffs and collar, zips on underside of sleeves, padded panels", "has_sizes": true, "material": "100% Lambskin", "price": "1895.00", "image_url": "https://www.balmain.com/12/12494012MX_11_f.jpg", "image": "media/12494012MX_11_f.jpg"}}, {"model": "products.product", "pk": 27, "fields": {"category": 5, "sku": "5928331BWLY5560", "name": "HOURGLASS XS TOP HANDLE BAG", "brand": "Balenciaga", "description": "W 19.0 cm H 13.0 cm D 8.0 cm\r\nGraffiti printed shiny box calfskin\r\nHourglass shape\r\nCurvilinear base\r\nLong flap\r\nAdjustable and removable crossbody strap\r\n1 handle\r\nMagnet closure with semi-shiny palladium B logo (brass)\r\n1 back pocket\r\nNappa lambskin lining\r\nMade in Italy\r\nWipe with a soft cloth\r\nThe item comes with a Balenciaga dustbag", "has_sizes": false, "material": "100% Calfskin", "price": "1015.00", "image_url": "https://www.balenciaga.com/66/45/45481216vi_18_a_f.jpg", "image": "media/45481216vi_18_a_f.jpg"}}, {"model": "products.product", "pk": 28, "fields": {"category": 2, "sku": "S20C-WLB0669-PLE010N_33", "name": "LEATHER BIKER STUDS", "brand": "Philipp Plein", "description": "The Perfecto jacket is a must-have not only for bikers but also for Philipp Plein and his collections. Every season he gives it a new look and vibe. This version is made of nappa and features rhinestones and studs. Zipper fastening and zip-up pockets and cuffs. Buckled belt at waist. Satin lining.", "has_sizes": true, "material": "SHELL #1: 100% LAMB LEATHER | LINING #1: 97% POLYESTER 3% ELASTANE", "price": "4998.00", "image_url": "https://www.plein.com/dw/image/v2/BBKQ_PRD/on/demandware.static/-/Sites-plein-master-catalog/default/dwf0dc3220/images/large/S20C-WLB0669-PLE010N_33_mf.jpg", "image": "media/S20C-WLB0669-PLE010N_33_mf.jpg"}}, {"model": "products.product", "pk": 29, "fields": {"category": 2, "sku": "F19C-WLB0563-PTE003N_02", "name": "LEATHER BIKER CRYSTAL", "brand": "Philipp Plein", "description": "The leather perfecto, all bikers must-have jacket, is a must also for Philipp Plein, who restyles it in every season. This bolero version is made of suede covered in zebra-pattern crystals. Zipper fastening and zip-up pockets and cuffs. A patch with Philipp Plein's signature at yoke. Inner lining with all-over jacquard lettering.", "has_sizes": true, "material": "SHELL #1: 100% GOAT LEATHER | LINING #1: 97% POLYESTER 3% ELASTANE", "price": "4998.00", "image_url": "https://www.plein.com/dw/image/v2/BBKQ_PRD/on/demandware.static/-/Sites-plein-master-catalog/default/dwa1a11f64/images/large/F19C-WLB0563-PTE003N_02_sf.jpg", "image": "media/F19C-WLB0563-PTE003N_02_sf.jpg"}}, {"model": "products.product", "pk": 30, "fields": {"category": 1, "sku": "A20C-WRG1727-PTE003N_16", "name": "SHORT DRESS GOLD", "brand": "Philipp Plein", "description": "Flapper dress covered in sequins and fringes on the bottom. Chain straps with jewel safety pins. Zipper fastening at centre back.", "has_sizes": true, "material": "SHELL #1: 100% POLYESTER | LINING #1: 100% POLYESTER | LINING #2: 100% COTTON", "price": "1650.00", "image_url": "https://www.plein.com/dw/image/v2/BBKQ_PRD/on/demandware.static/-/Sites-plein-master-catalog/default/dw533fa515/images/large/A20C-WRG1727-PTE003N_16_sf.jpg", "image": "media/A20C-WRG1727-PTE003N_16_sf.jpg"}}, {"model": "products.product", "pk": 31, "fields": {"category": 3, "sku": "S20C-WRK0187-PTE003N_0260", "name": "BODY CRYSTAL", "brand": "Philipp Plein", "description": "Hollywood divas’ glamour is back on this micro-rhinestone encrusted body. The plunging overlap neckline goes all the way to the stretch yarn bottom. Flouncing also on the cuffed sleeves.", "has_sizes": true, "material": "FABRIC #1: 95% POLYESTER 5% ELASTANE | INSERT #1: 100% ACRYLONITRILE BUTADIENE STYRENE (ABS)", "price": "1250.00", "image_url": "https://www.plein.com/dw/image/v2/BBKQ_PRD/on/demandware.static/-/Sites-plein-master-catalog/default/dw68ac0829/images/large/S20C-WRK0187-PTE003N_0260_sf.jpg", "image": "media/S20C-WRK0187-PTE003N_0260_sf.jpg"}}, {"model": "products.product", "pk": 32, "fields": {"category": 4, "sku": "F20C-WDT1420-PDE004N_02WL", "name": "SLIM FIT PHILIPP PLEIN TM", "brand": "Philipp Plein", "description": "Plain and basic these stretch stone washed denim 5 pocket pants are the perfect match for most of your outfits. A rhinestone heart is applied next to the front left pocket. Single metal button fastening. The iconic hexagonal logo is sewn on the rear right pocket. Bottom: 30 cm. Fit: Slim.", "has_sizes": true, "material": "FABRIC #1: 92% COTTON 6% ELASTOMULTIESTER 2% ELASTANE | LINING #1: 65% POLYESTER 35% COTTON | INSERT #1: 100% POLYURETHANE", "price": "375.00", "image_url": "https://www.plein.com/dw/image/v2/BBKQ_PRD/on/demandware.static/-/Sites-plein-master-catalog/default/dwd69b9a4f/images/large/F20C-WDT1420-PDE004N_02wl_sf.jpg", "image": "media/F20C-WDT1420-PDE004N_02wl_sf.jpg"}}, {"model": "products.product", "pk": 33, "fields": {"category": 4, "sku": "F20C-WDT1421-PDE004N_08ZE", "name": "HIGH WAIST JEGGING PHILIPP PLEIN TM", "brand": "Philipp Plein", "description": "Plain and basic these stretch stone washed denim 5 pocket jeggings are the perfect match for most of your outfits. A rhinestone heart is applied next to the front left pocket. Single metal button fastening. The iconic hexagonal logo is sewn on the rear right pocket. Bottom: 28 cm. Fit: High Waist.", "has_sizes": false, "material": "FABRIC #1: 92% COTTON 6% ELASTOMULTIESTER 2% ELASTANE | INSERT #1: 100% POLYURETHANE", "price": "375.00", "image_url": "https://www.plein.com/dw/image/v2/BBKQ_PRD/on/demandware.static/-/Sites-plein-master-catalog/default/dwe0a1a264/images/large/F20C-WDT1421-PDE004N_08ze_sf.jpg?sw=603&sh=768", "image": "media/F20C-WDT1421-PDE004N_08ze_sf.jpg"}}, {"model": "products.product", "pk": 34, "fields": {"category": 4, "sku": "P20C-WDT1372-PDE004N_70RA", "name": "JEGGINS TIE DYE", "brand": "Philipp Plein", "description": "Figure fitting foil coated stone washed stretch denim 5 pocket jeggings. Stud applications decorate the garment. The hexagonal logo is sewn on the right rear pocket. Single metal jewel button fastening. Bottom: 28 cm.", "has_sizes": true, "material": "FABRIC #1: 92% COTTON 6% ELASTOMULTIESTER 2% ELASTANE | LINING #1: 65% POLYESTER 35% COTTON | INSERT #1: 100% ACRYLONITRILE BUTADIENE STYRENE (ABS)", "price": "750.00", "image_url": "https://www.plein.com/dw/image/v2/BBKQ_PRD/on/demandware.static/-/Sites-plein-master-catalog/default/dw582f82d0/images/large/P20C-WDT1372-PDE004N_70ra_sf.jpg", "image": "media/P20C-WDT1372-PDE004N_70ra_sf.jpg"}}, {"model": "products.product", "pk": 35, "fields": {"category": 4, "sku": "P20C-WDT1368-PDE004N_07HC", "name": "BIKER ZIPPED", "brand": "Philipp Plein", "description": "These stone washed stretch denim 5 pocket pants are the right choice for all bike-lovers, for they feature an ergonomic fit and stitched details. They are decorated with rips and decorative zippers. Single metal button fastening. The jewel version of the brand's hexagonal logo is sewn on the rear right pocket. Bottom: 26.5 cm. Fit: Biker.", "has_sizes": true, "material": "FABRIC #1: 92% COTTON 6% ELASTOMULTIESTER 2% ELASTANE | LINING #1: 65% POLYESTER 35% COTTON", "price": "850.00", "image_url": "https://www.plein.com/dw/image/v2/BBKQ_PRD/on/demandware.static/-/Sites-plein-master-catalog/default/dwd05406de/images/large/P20C-WDT1368-PDE004N_07hc_sf.jpg?sw=603&sh=768", "image": "media/P20C-WDT1368-PDE004N_07hc_sf.jpg"}}, {"model": "products.product", "pk": 36, "fields": {"category": 4, "sku": "P20C-WDT1317-PDE004N_01DM", "name": "SLIM FIT ROCK PP", "brand": "Philipp Plein", "description": "Rips and metal jersey mendings are the main feature of these stone washed stretch denim 5 pocket pants. Single metal jewel button fastening. Philipp Plein metal signature is applied on the back of the waistband. Bottom: 30 cm. Fit: Slim.", "has_sizes": false, "material": "FABRIC #1: 92% COTTON 6% ELASTOMULTIESTER 2% ELASTANE | LINING #1: 65% POLYESTER 35% COTTON | INSERT #1: 100% METAL", "price": "675.00", "image_url": "https://www.plein.com/dw/image/v2/BBKQ_PRD/on/demandware.static/-/Sites-plein-master-catalog/default/dwe8265a51/images/large/P20C-WDT1317-PDE004N_01dm_sf.jpg", "image": "media/P20C-WDT1317-PDE004N_01dm_sf.jpg"}}, {"model": "company.company", "pk": 1, "fields": {"name": "She Rocks!", "address": "Amazing Road, 15. Planet Earth", "phone_number": "0123456789"}}, {"model": "company.office", "pk": 1, "fields": {"name": "Customer Service", "company": 1}}, {"model": "company.office", "pk": 2, "fields": {"name": "Sales & Marketing", "company": 1}}, {"model": "company.office", "pk": 3, "fields": {"name": "Human Resources", "company": 1}}, {"model": "company.office", "pk": 4, "fields": {"name": "Finance & Accounting", "company": 1}}, {"model": "company.office", "pk": 5, "fields": {"name": "Logistic", "company": 1}}, {"model": "company.office", "pk": 6, "fields": {"name": "IT", "company": 1}}, {"model": "company.office", "pk": 7, "fields": {"name": "Management", "company": 1}}, {"model": "company.employee", "pk": 1, "fields": {"full_name": "Zofia Vargas", "email": "zofia@sherocks.example.com", "phone_number": "0000000000", "office": 7, "role": "CEO", "image": "team/zofia.jpg"}}, {"model": "company.employee", "pk": 2, "fields": {"full_name": "Katia De Bon", "email": "katia@sherocks.example.com", "phone_number": "0000000000", "office": 6, "role": "Web Developer", "image": "team/katia.jpg"}}, {"model": "company.employee", "pk": 3, "fields": {"full_name": "Jared Hunt", "email": "jared@sherocks.example.com", "phone_number": "0000000000", "office": 4, "role": "Accountant", "image": "team/jared.jpg"}}, {"model": "company.employee", "pk": 4, "fields": {"full_name": "Kay Mccarthy", "email": "kay@sherocks.example.com", "phone_number": "0000000000", "office": 5, "role": "Head of Logistics", "image": "team/kay.jpg"}}, {"model": "company.employee", "pk": 5, "fields": {"full_name": "Bianca Johansson", "email": "bianca@sherocks.example.com", "phone_number": "0000000000", "office": 3, "role": "HR manager", "image": "team/bianca.jpg"}}, {"model": "company.employee", "pk": 6, "fields": {"full_name": "Eve Harvey", "email": "eve@sherocks.example.com", "phone_number": "0000000000", "office": 2, "role": "Sales & Marketing Coordinator", "image": "team/eve.jpg"}}, {"model": "company.employee", "pk": 7, "fields": {"full_name": "Jennie Bright", "email": "jennie@sherocks.example.com", "phone_number": "0000000000", "office": 1, "role": "CustomerService Representative", "image": "team/jennie.jpg"}}]